Reference,Estado,Token,Monto,Fecha,Hora,TxHash
"HGhtbfxgxsYMHwzN3LMNg7CkwofhBhWNK8n7VrueH6MK","pendiente","USDC","0.001","","",""
"29NUWD8z5W2JiQfJz1i9SJhNxhmYB7fATV7DvaEcQ9SB","pendiente","SOL","0.00001","","",""
"4n6mBGB9ZZna4GFXpwvTVuTtxvqUnZjWQZrcyhtt3Zoe","pendiente","SOL","0.00001","","",""
"3ehn6nDgD9jqyokiS3qfZRrHS3X8JzgRvLPoy5B4r9Qt","pendiente","SOL","0.00001","","",""
"3Ewu49Ncz4i8srdZaDgU5SwFwytMXcGdLHYqFNREkN3t","pendiente","SOL","0.00001","","",""
"AFDjJhng1LpnNwozkWrSq8EwV2pEZzFDKBuSRak8nPko","pendiente","SOL","0.00001","","",""
"37QSQUWa3iBesiuf5GERXNRiZBeDfvrxYB1W3M7tGfKb","pendiente","SOL","0.00001","","",""
"4P1wLWGVUY4JAQEyoSw6i5rY8XdK81YpP4XPEeSkeLco","pendiente","SOL","0.00001","","",""
"5uVMzzqaxPP78TN5KyjvwaKkzEGUxdFkoa8zAMbTSQAB","pendiente","SOL","0.00001","","",""
"Hs2DWh8vzhKkQdkUonMirWuhCEdwxH2Au8P63zuJ5xXv","pendiente","SOL","0.00001","","",""
"34M2Frd96KoDngJaXmf3go6HQErDBtDyya9Fuh9QBarA","pendiente","SOL","0.00001","","",""
"DP7uwvhqbxsRTpN1PMWG93vhBBhZ4EhXMwhfJFzhzHbz","pendiente","SOL","0.00001","","",""
"EcDTfRV5HXpTbjkqz3GsHQoCuN2ZHTPrFtz7mGVdSVSB","pendiente","SOL","0.00001","","",""
"E6CgNNjmKLTDgSkWeKfempkDgJjXHdBBazDXaBN4C8Sc","pendiente","SOL","0.00001","","",""
"CVLy1DFcaiQEPKrnZjERbEpGn26hmpWfkdw1S7USEZpu","pendiente","SOL","0.00001","","",""
"3cNwwCcrRhUjkHg81ZbaHvscTiM4Gg5eRDQFd1qnbWfZ","pendiente","SOL","0.00001","","",""
"4fNN7zcXSogJ5o8qRwRz4pp45tuBoiUjtMM9DjtvMzc7","pendiente","SOL","0.00001","","",""
"Cem8Qnf4z5aYSArwWZwEqyiRSKkurvF49k7iVuBQsuAs","pendiente","SOL","0.00001","","",""
"HgRFKyj6NfoEGKqZiQ5vRxhBGnyymgP4FjXSfcxt2E19","pendiente","SOL","0.00001","","",""
"AfAVtc3mbMBXy4CiypEMLkpKruiPHSs59J16dv7B8vbf","pendiente","SOL","0.00001","","",""